<?xml version="1.0" encoding="UTF-8"?><TaskList Version="2.0"><Task ConnectorKind="local" RepositoryUrl="local" TaskId="1" Handle="local-1" Label="targetPriority" Priority="P3" Kind="task" IssueURL="" Notes="target = targetPriorityFilter(targetMap[][]);" Estimated="0" EndDate="" CreationDate="2018-07-01 20:19:00.330 +0200" ModificationDate="" DueDate="" Owner="local" Active="false" Reminded="false" MarkReadPending="false" NotifiedIncoming="true" offlineSyncState="SYNCHRONIZED"/><Task ConnectorKind="local" RepositoryUrl="local" TaskId="5" Handle="local-5" Label="Unit Creation" Priority="P3" Kind="task" Notes="" Estimated="0" EndDate="" CreationDate="2018-07-01 21:01:30.595 +0200" ModificationDate="" DueDate="" Owner="local" Active="false" Reminded="false" MarkReadPending="false" NotifiedIncoming="true" offlineSyncState="SYNCHRONIZED"><SubTask Handle="local-6"/><SubTask Handle="local-7"/></Task><Task ConnectorKind="local" RepositoryUrl="local" TaskId="12" Handle="local-12" Label="New Task" Priority="P3" Kind="task" Notes="" Estimated="0" EndDate="" CreationDate="2018-07-01 21:19:49.848 +0200" ModificationDate="" DueDate="" Owner="local" Active="false" Reminded="false" MarkReadPending="false" NotifiedIncoming="true" offlineSyncState="SYNCHRONIZED"/><Task ConnectorKind="local" RepositoryUrl="local" TaskId="4" Handle="local-4" Label="Towers" Priority="P3" Kind="task" Notes="" Estimated="0" EndDate="" CreationDate="2018-07-01 20:59:26.987 +0200" ModificationDate="" DueDate="" Owner="local" Active="false" Reminded="false" MarkReadPending="false" NotifiedIncoming="true" offlineSyncState="SYNCHRONIZED"><SubTask Handle="local-1"/></Task><Task ConnectorKind="local" RepositoryUrl="local" TaskId="11" Handle="local-11" Label="Map" Priority="P3" Kind="task" Notes="" Estimated="0" EndDate="" CreationDate="2018-07-01 21:19:31.825 +0200" ModificationDate="" DueDate="" Owner="local" Active="false" Reminded="false" MarkReadPending="false" NotifiedIncoming="true" offlineSyncState="SYNCHRONIZED"><SubTask Handle="local-12"/></Task><Task ConnectorKind="local" RepositoryUrl="local" TaskId="3" Handle="local-3" Label="Resources" Priority="P3" Kind="task" Notes="" Estimated="0" EndDate="" CreationDate="2018-07-01 20:59:03.664 +0200" ModificationDate="" DueDate="" Owner="local" Active="false" Reminded="false" MarkReadPending="false" NotifiedIncoming="true" offlineSyncState="SYNCHRONIZED"/><Task ConnectorKind="local" RepositoryUrl="local" TaskId="10" Handle="local-10" Label="Pathed Enemies" Priority="P3" Kind="task" Notes="" Estimated="0" EndDate="" CreationDate="2018-07-01 21:19:18.138 +0200" ModificationDate="" DueDate="" Owner="local" Active="false" Reminded="false" MarkReadPending="false" NotifiedIncoming="true" offlineSyncState="SYNCHRONIZED"/><Task ConnectorKind="local" RepositoryUrl="local" TaskId="2" Handle="local-2" Label="City" Priority="P3" Kind="task" Notes="" Estimated="0" EndDate="" CreationDate="2018-07-01 20:58:43.167 +0200" ModificationDate="" DueDate="" Owner="local" Active="false" Reminded="false" MarkReadPending="false" NotifiedIncoming="true" offlineSyncState="SYNCHRONIZED"><SubTask Handle="local-3"/><SubTask Handle="local-5"/></Task><Task ConnectorKind="local" RepositoryUrl="local" TaskId="9" Handle="local-9" Label="Enemies" Priority="P3" Kind="task" Notes="" Estimated="0" EndDate="" CreationDate="2018-07-01 21:11:47.789 +0200" ModificationDate="" DueDate="" Owner="local" Active="false" Reminded="false" MarkReadPending="false" NotifiedIncoming="true" offlineSyncState="SYNCHRONIZED"><SubTask Handle="local-10"/></Task><Task ConnectorKind="local" RepositoryUrl="local" TaskId="7" Handle="local-7" Label="Builders" Priority="P3" Kind="task" Notes="" Estimated="0" EndDate="" CreationDate="2018-07-01 21:04:14.41 +0200" ModificationDate="" DueDate="" Owner="local" Active="false" Reminded="false" MarkReadPending="false" NotifiedIncoming="true" offlineSyncState="SYNCHRONIZED"><SubTask Handle="local-4"/></Task><Task ConnectorKind="local" RepositoryUrl="local" TaskId="6" Handle="local-6" Label="Heros" Priority="P3" Kind="task" Notes="" Estimated="0" EndDate="" CreationDate="2018-07-01 21:04:02.547 +0200" ModificationDate="" DueDate="" Owner="local" Active="false" Reminded="false" MarkReadPending="false" NotifiedIncoming="true" offlineSyncState="SYNCHRONIZED"/><TaskCategory Handle="handle-1" Name="Ideas"><TaskReference Handle="local-2"/><TaskReference Handle="local-9"/><TaskReference Handle="local-11"/></TaskCategory><TaskCategory Handle="Uncategorized" Name="Uncategorized"/></TaskList>